{
    "city": "阿城历史天气",
    "weather_history": {
        "temperature": {
            "high_avg": "18℃",
            "low_avg": "7℃",
            "highest": "28℃",
            "lowest": "2℃"
        },
        "atmosphere": {
            "avg": "39",
            "best": "14",
            "worst": "66"
        },
        "details": [
            {
                "date": "2021-05-01 周六 ",
                "highest": "13℃",
                "lowest": "2℃",
                "weather": "小雨~多云",
                "wind_dir": "东北风 2级 "
            },
            {
                "date": "2021-05-02 周日 ",
                "highest": "18℃",
                "lowest": "5℃",
                "weather": "多云",
                "wind_dir": "西北风 2级 "
            },
            {
                "date": "2021-05-03 周一 ",
                "highest": "18℃",
                "lowest": "9℃",
                "weather": "小雨",
                "wind_dir": "南风 4级 "
            },
            {
                "date": "2021-05-04 周二 ",
                "highest": "13℃",
                "lowest": "5℃",
                "weather": "多云",
                "wind_dir": "西南风 5级 "
            },
            {
                "date": "2021-05-05 周三 ",
                "highest": "15℃",
                "lowest": "5℃",
                "weather": "小雨~晴",
                "wind_dir": "西南风 4级 "
            },
            {
                "date": "2021-05-06 周四 ",
                "highest": "22℃",
                "lowest": "8℃",
                "weather": "小雨",
                "wind_dir": "南风 2级 "
            },
            {
                "date": "2021-05-07 周五 ",
                "highest": "13℃",
                "lowest": "6.5℃",
                "weather": "小雨",
                "wind_dir": "西南风 3级 "
            },
            {
                "date": "2021-05-08 周六 ",
                "highest": "11℃",
                "lowest": "3℃",
                "weather": "中雨~小雨",
                "wind_dir": "北风 4级 "
            },
            {
                "date": "2021-05-09 周日 ",
                "highest": "11℃",
                "lowest": "3℃",
                "weather": "多云~晴",
                "wind_dir": "西北风 4级 "
            },
            {
                "date": "2021-05-10 周一 ",
                "highest": "17℃",
                "lowest": "5℃",
                "weather": "多云~小雨",
                "wind_dir": "微风 2级 "
            },
            {
                "date": "2021-05-11 周二 ",
                "highest": "19℃",
                "lowest": "6℃",
                "weather": "中雨",
                "wind_dir": "东南风 3级 "
            },
            {
                "date": "2021-05-12 周三 ",
                "highest": "15℃",
                "lowest": "9℃",
                "weather": "小雨",
                "wind_dir": "西风 3级 "
            },
            {
                "date": "2021-05-13 周四 ",
                "highest": "17.71℃",
                "lowest": "9℃",
                "weather": "小雨~中雨",
                "wind_dir": "南风 3级 "
            },
            {
                "date": "2021-05-14 周五 ",
                "highest": "16℃",
                "lowest": "8.69℃",
                "weather": "小雨~多云",
                "wind_dir": "西风 3级 "
            },
            {
                "date": "2021-05-15 周六 ",
                "highest": "20℃",
                "lowest": "8℃",
                "weather": "多云~晴",
                "wind_dir": "西北风 3级 "
            },
            {
                "date": "2021-05-16 周日 ",
                "highest": "23℃",
                "lowest": "10℃",
                "weather": "多云",
                "wind_dir": "东北风 2级 "
            },
            {
                "date": "2021-05-17 周一 ",
                "highest": "24℃",
                "lowest": "9℃",
                "weather": "多云~晴",
                "wind_dir": "东南风 2级 "
            },
            {
                "date": "2021-05-18 周二 ",
                "highest": "24℃",
                "lowest": "7℃",
                "weather": "晴~多云",
                "wind_dir": "南风 2级 "
            },
            {
                "date": "2021-05-19 周三 ",
                "highest": "26℃",
                "lowest": "12.1℃",
                "weather": "多云~晴",
                "wind_dir": "西北风 3级 "
            },
            {
                "date": "2021-05-20 周四 ",
                "highest": "28℃",
                "lowest": "13℃",
                "weather": "晴",
                "wind_dir": "东风 2级 "
            }
        ]
    },
    "weather_stat": "\r\n\t\t\t\t\t\t\t自2011-01-01到2021-06-01，阿城共出现：多云1203天，晴1183天，雨731天，雪285天，阴230天，26天，沙尘3天。关注阿城历史天气，关注天气网！\r\n\t\t\t\t\t\t",
    "wind_dir_stat": [
        "东风~西北风（457天）",
        "南风（395天）",
        "西风（383天）",
        "（377天）",
        "东南风（329天）",
        "西北风（270天）",
        "北风（196天）",
        "东北风（126天）",
        "西风~西南风（65天）",
        "西北风~西风（57天）",
        "西南风~西风（54天）",
        "东风（51天）",
        "西风~西北风（42天）",
        "西南风~西北风（25天）",
        "西北风~西南风（21天）",
        "西南风~南风（19天）",
        "南风~西南风（18天）",
        "北风~西北风（17天）",
        "西风~南风（16天）",
        "西风~北风（14天）",
        "北风~西风（13天）",
        "东风~东北风（13天）",
        "南风~东南风（13天）",
        "西北风~北风（12天）",
        "南风~西风（11天）",
        "东北风~北风（9天）",
        "东南风~东风（8天）",
        "西风~东风（8天）",
        "西南风~东南风（8天）",
        "北风~西南风（7天）",
        "东北风~西风（7天）",
        "东风~北风（7天）",
        "东南风~西北风（7天）",
        "西北风~南风（7天）",
        "西南风~北风（7天）",
        "东风~东南风（6天）",
        "西风~东南风（6天）",
        "西南风~东风（6天）",
        "北风~南风（5天）",
        "东南风~南风（5天）",
        "东南风~西南风（5天）",
        "北风~东北风（4天）",
        "东北风~西北风（4天）",
        "东风~西风（4天）",
        "东南风~北风（4天）",
        "东南风~东北风（4天）",
        "南风~东风（4天）",
        "西风~东北风（4天）",
        "东北风~西南风（3天）",
        "南风~北风（3天）",
        "东北风~东南风（2天）",
        "南风~西北风（2天）",
        "西北风~东北风（2天）",
        "西北风~东风（2天）",
        "西南风~东北风（2天）",
        "北风~东南风（1天）",
        "东风~南风（1天）",
        "东风~西南风（1天）",
        "南风~东北风（1天）",
        "西北风~东南风（1天）",
        "西南风~（1天）"
    ],
    "wind_power_stat": [
        "2级（508天）",
        "小于3级~3-4级（477天）",
        "3-4级~微风（387天）",
        "（377天）",
        "1级（377天）",
        "3级（227天）",
        "3-4级~小于3级（210天）",
        "小于3级（189天）",
        "微风（105天）",
        "4级（61天）",
        "3-4级~4-5级（55天）",
        "小于3级~4-5级（43天）",
        "4-5级~3-4级（34天）",
        "4-5级~微风（31天）",
        "5级（20天）",
        "4-5级~小于3级（12天）",
        "3-4级~5-6级（10天）",
        "5-6级~3-4级（7天）",
        "6级（4天）",
        "小于3级~5-6级（4天）",
        "4-5级（2天）",
        "7级（2天）",
        "4-5级~5-6级（1天）",
        "5-6级~4-5级（1天）",
        "5-6级~微风（1天）",
        "微风~（1天）"
    ]
}